pitch,nota
132.03592814371257,C3
147.98657718120805,D3
165.78947368421052,E3
175.0,F3
195.13274336283186,G3
175.0,F3
165.78947368421052,E3
147.98657718120805,D3
132.03592814371257,C3
