pitch,nota
131.2866313145409,C3
147.03829122167232,D3
167.0920762185066,E3
175.0488417527212,F3
196.9262828861683,G3
175.0488417527212,F3
164.57366766894788,E3
147.0410270722858,D3
132.86298950270688,C3
